{
  "mode": "heuristic",
  "split": "test",
  "n_serps": 100,
  "exp3rt_style": {
    "ndcg@1": 0.96,
    "map@1": 0.96,
    "ndcg@5": 0.9519047451194043,
    "map@5": 0.9264666666666667,
    "ndcg@10": 0.9462316070070894,
    "map@10": 0.9097472222222222
  },
  "position_base": {
    "ndcg@1": 0.88,
    "map@1": 0.88,
    "ndcg@5": 0.8787342567475895,
    "map@5": 0.8245,
    "ndcg@10": 0.8882935331523152,
    "map@10": 0.8255404761904762
  }
}