{
  "mode": "llm",
  "split": "test",
  "n_serps": 5,
  "exp3rt_style": {
    "ndcg@1": 0.8,
    "map@1": 0.8,
    "ndcg@5": 0.9321679589452767,
    "map@5": 0.9086666666666666,
    "ndcg@10": 0.8972253970892515,
    "map@10": 0.8403968253968254
  },
  "position_base": {
    "ndcg@1": 1.0,
    "map@1": 1.0,
    "ndcg@5": 0.9309617315506262,
    "map@5": 0.8886666666666667,
    "ndcg@10": 0.9099533357181393,
    "map@10": 0.8376269841269842
  }
}