{
  "max_prob_rating": {
    "rmse": 0.6313639637633696,
    "mae": 0.3115898833347526,
    "n": 11743
  },
  "expected_rating": {
    "rmse": 0.5906244608702312,
    "mae": 0.3430629464300082,
    "n": 11743
  }
}