{
  "mode": "heuristic",
  "split": "test",
  "n_serps": 200,
  "exp3rt_style": {
    "ndcg@1": 0.955,
    "map@1": 0.955,
    "ndcg@5": 0.9460297085949023,
    "map@5": 0.9173833333333333,
    "ndcg@10": 0.9416777060188929,
    "map@10": 0.9020531714537667
  },
  "position_base": {
    "ndcg@1": 0.915,
    "map@1": 0.915,
    "ndcg@5": 0.8961481856333396,
    "map@5": 0.8467333333333333,
    "ndcg@10": 0.900088196463939,
    "map@10": 0.8387408179012346
  }
}