{
  "max_prob_rating": {
    "rmse": 0.6083525468469873,
    "mae": 0.31371881120667633,
    "n": 11743
  },
  "expected_rating": {
    "rmse": 0.5623525560873235,
    "mae": 0.34963453484013024,
    "n": 11743
  }
}