{
  "base": {
    "ndcg@1": 0.10666666666666667,
    "map@1": 0.10666666666666667,
    "ndcg@5": 0.2218820859155622,
    "map@5": 0.18386111111111111,
    "ndcg@10": 0.28531620330300816,
    "map@10": 0.2099675925925926
  },
  "ur4rec": {
    "ndcg@1": 0.12166666666666667,
    "map@1": 0.12166666666666667,
    "ndcg@5": 0.2334212987928459,
    "map@5": 0.19791666666666666,
    "ndcg@10": 0.2995805432993505,
    "map@10": 0.22482076719576718
  }
}