{
  "base": {
    "ndcg@1": 0.06,
    "map@1": 0.06,
    "ndcg@5": 0.29306817829724857,
    "map@5": 0.21866666666666668,
    "ndcg@10": 0.3620760883470946,
    "map@10": 0.24593650793650795
  },
  "ur4rec": {
    "ndcg@1": 0.08,
    "map@1": 0.08,
    "ndcg@5": 0.27849532458178056,
    "map@5": 0.21266666666666667,
    "ndcg@10": 0.33721481728619657,
    "map@10": 0.23719047619047617
  }
}