{
  "base": {
    "ndcg@1": 0.94,
    "map@1": 0.94,
    "ndcg@5": 0.9313120507751235,
    "map@5": 0.8971333333333333,
    "ndcg@10": 0.9292520448664304,
    "map@10": 0.8835198412698414
  },
  "ur4rec": {
    "ndcg@1": 0.92,
    "map@1": 0.92,
    "ndcg@5": 0.9262088073000659,
    "map@5": 0.8912666666666665,
    "ndcg@10": 0.9299239846225629,
    "map@10": 0.8857960317460316
  }
}